{
  "n_clusters": 5,
  "inertia": 88.94047654571789,
  "silhouette_score": 0.5062785502650553,
  "cluster_sizes": {
    "0": 4,
    "1": 1,
    "2": 16,
    "3": 5,
    "4": 1
  }
}